,Logistic Regression,Random Forest,Naive Bayes,Decision Tree,SVM,XGBoost
Accuracy,0.5792390099741411,0.59235315847802,0.5038788326560768,0.5823790173623938,0.5672330993719985,0.5930919837458442
Precision,0.5726950354609929,0.5783889980353635,0.4917423616845582,0.5608465608465608,0.5700586041555674,0.5754964406144624
Recall,0.4957789716039908,0.5648503453568687,0.9140445126630852,0.6101304681504222,0.41059094397544127,0.5894090560245587
Score,0.5188537907610915,0.5689119411604172,0.7873538673695271,0.5953452959592638,0.45843124202947916,0.5852352714015299
